{"cameraMode":{"drawMode":0,"name":"Shaded","section":"Shading Mode"},"sceneLighting":true,"audioPlay":false,"sceneViewState":{"showFog":true,"showMaterialUpdate":false,"showSkybox":true,"showFlares":true,"showImageEffects":true,"showParticleSystems":true},"in2DMode":false,"pivot":{"x":0.016342639923095704,"y":1.5131397247314454,"z":-0.0000017881393432617188},"rotation":{"x":-0.20846158266067506,"y":-0.3347153663635254,"z":0.07618933171033859,"w":-0.9158082008361816},"size":7.706732273101807,"orthographic":false}